{
  "id": "",
  "name": "",
  "font_family": "iconfont",
  "css_prefix_text": "icon-",
  "description": "",
  "glyphs": [
    {
      "icon_id": "915603",
      "name": "发布",
      "font_class": "fabu",
      "unicode": "e66f",
      "unicode_decimal": 58991
    },
    {
      "icon_id": "1212315",
      "name": "消息",
      "font_class": "xiaoxi",
      "unicode": "e67c",
      "unicode_decimal": 59004
    },
    {
      "icon_id": "1509744",
      "name": "任务",
      "font_class": "task",
      "unicode": "e668",
      "unicode_decimal": 58984
    },
    {
      "icon_id": "1973158",
      "name": "拍照",
      "font_class": "photo_camera_",
      "unicode": "e521",
      "unicode_decimal": 58657
    },
    {
      "icon_id": "3879276",
      "name": "2-电影院",
      "font_class": "-dianyingyuan-",
      "unicode": "e601",
      "unicode_decimal": 58881
    },
    {
      "icon_id": "4276964",
      "name": "休闲",
      "font_class": "xiuxian",
      "unicode": "e62a",
      "unicode_decimal": 58922
    },
    {
      "icon_id": "4360990",
      "name": "首页",
      "font_class": "shouye",
      "unicode": "e570",
      "unicode_decimal": 58736
    },
    {
      "icon_id": "4421817",
      "name": "更多",
      "font_class": "gengduo",
      "unicode": "e66a",
      "unicode_decimal": 58986
    },
    {
      "icon_id": "4588558",
      "name": "家具icon",
      "font_class": "jiajuicon",
      "unicode": "e602",
      "unicode_decimal": 58882
    },
    {
      "icon_id": "8289049",
      "name": "医疗箱",
      "font_class": "yiliaoxiang",
      "unicode": "e874",
      "unicode_decimal": 59508
    },
    {
      "icon_id": "9057399",
      "name": "鸡肉",
      "font_class": "chicken-meat",
      "unicode": "e610",
      "unicode_decimal": 58896
    },
    {
      "icon_id": "9908886",
      "name": "住酒店",
      "font_class": "zhujiudian",
      "unicode": "e603",
      "unicode_decimal": 58883
    },
    {
      "icon_id": "13646880",
      "name": "家具",
      "font_class": "jiaju",
      "unicode": "e609",
      "unicode_decimal": 58889
    },
    {
      "icon_id": "13952846",
      "name": "医学美容",
      "font_class": "zu",
      "unicode": "e714",
      "unicode_decimal": 59156
    },
    {
      "icon_id": "15694953",
      "name": "美容护肤",
      "font_class": "zu223",
      "unicode": "e604",
      "unicode_decimal": 58884
    },
    {
      "icon_id": "16990330",
      "name": "我的",
      "font_class": "wode",
      "unicode": "e632",
      "unicode_decimal": 58930
    },
    {
      "icon_id": "18051046",
      "name": "餐饮美食",
      "font_class": "canyinmeishi",
      "unicode": "e605",
      "unicode_decimal": 58885
    }
  ]
}
